{"cameraMode":{"drawMode":0,"name":"Shaded","section":"Shading Mode"},"sceneLighting":true,"audioPlay":false,"sceneViewState":{"showFog":true,"showMaterialUpdate":false,"showSkybox":true,"showFlares":true,"showImageEffects":true,"showParticleSystems":true},"in2DMode":false,"pivot":{"x":-3.8400824069976808,"y":-0.7400886416435242,"z":3.4910106658935549},"rotation":{"x":-0.1532583236694336,"y":-0.18984484672546388,"z":0.03001369722187519,"w":-0.9693278074264526},"size":12.367145538330079,"orthographic":false}