{"cameraMode":{"drawMode":0,"name":"Shaded","section":"Shading Mode"},"sceneLighting":true,"audioPlay":false,"sceneViewState":{"showFog":true,"showMaterialUpdate":false,"showSkybox":true,"showFlares":true,"showImageEffects":true,"showParticleSystems":true,"showVisualEffectGraphs":true,"m_FxEnabled":true},"in2DMode":false,"pivot":{"x":-1.8026050329208375,"y":4.351505756378174,"z":-10.725522994995118},"rotation":{"x":-0.0071876575239002708,"y":-0.9097211360931397,"z":0.01574580930173397,"w":-0.4148980975151062},"size":4.178377628326416,"orthographic":false}